Sentence,Sentiment,label
The shares shall be acquired according to the Rules of NASDAQ OMX Helsinki and otherwise according to the rules related to acquisition of the company 's own shares .,neutral,1
We are now taking Marimekko there on a distinctly more significant scale .,neutral,1
"The value of the deal exceeds EUR500 ,000 , the company said .",neutral,1
"Cargotec 's sales totalled EUR 3.4 billion in 2008 and it employs approximately 10,500 people .",neutral,1
"Via the Satlan acquisition , Teleste plans to further expand its market presence as a video services partner for cable operators , broadcasters and IPTV service providers .",positive,2
"They can be used to control the speed of electric motors used by industry and municipal engineering , and in power generation using renewable energy .",neutral,1
Severn Trent share price rises as first half profit inches up as customer ...,positive,2
"Finnair 's Tallinn-based subsidiary , Aero AS , carried 23,335 passengers , a decline of 60.8 % , on routes between Helsinki and the Baltic capitals and within Southern Finland .",negative,0
"RT @Dasan @TMTanalyst ...since $AAPL mastered their supply chain // in cornering NAND, Apple mastered EVERYONE'S supply chain!",positive,2
Nokia Messaging 1.1 enables customers to receive e-mails from up to 10 e-mail accounts on their mobile phone supporting all POP or IMAP e-mail services .,neutral,1
Otherwise the situation is under control .,neutral,1
GET MIDNIGHTTRADER IN REALTIME : This report is delayed .,neutral,1
"The poorest index figure was given to Finnish power company Fortum , 4.5 .",neutral,1
The firm builds components for mobile phones and other communications products .,neutral,1
"UPM is talking to Myllykoski+ó s creditor banks -- Nordea ( STO : NDA ) , Nordic Investment Bank and Danske Bank+ó s ( CPH : DANSKE ) Sampo Bank -- over a deal , the paper said .",neutral,1
"rosendal at outotec.com Eila Paatela , Vice President - Corporate Communications tel. +358 20 529 2004 , +358 400 817198 e-mail eila .",neutral,1
"The price of the 10,000 kroon par value bonds was 9663,51 kroons in the primary issue .",neutral,1
"The sale , which will result in a gain of some EUR 60 million in the second quarter of 2010 for Oriola-KD , supports the Finnish company 's strategy to focus on pharmaceutical wholesale and retail operations .",positive,2
"$QCOM chart: Qualcomm Short 61.8% Retracement, Trendline and Resistance. https://t.co/2WQqh35KOY",negative,0
`` The acquisition of Elektros Pavara completes KONE 's market expansion strategy in the Baltic Countries .,positive,2
"ADPnews - Aug 3 , 2009 - Finnish media group Ilkka-Yhtyma Oyj HEL : ILK2S said today its net profit fell 45 % on the year to EUR 5.9 million USD 8.4 m in the first half of 2009 .",neutral,1
$aapl high of day just hit. Back at it tomorrow.,positive,2
"The pulp production in Finnish Kemij+ñrvi will also be liquidated and about 1,100 employees loose their jobs .",negative,0
"Cerberus Capital Management LP-backed printing paper maker NewPage Corp. has posted mixed second-quarter results , casting a cloud over its planned initial public offering .",neutral,1
The company 's market share is continued to increase further .,positive,2
Valeant CEO Pledges to Heed Critics After `Painful' Experience,negative,0
Finnish sports equipment company Amer Sports said it has decided to lay off 370 workers from its Salomon division in France .,neutral,1
"In Finland , the city of Forssa has said it will not pay compensation to food industry companies HK Ruokatalo and Atria for the lye leak into tap water that occurred in March 2008 .",negative,0
`` Capital expenditure on energy efficiency has unfortunately fallen along with the decline in the economy .,negative,0
Renewed AB InBev Bid for SABMiller Ups Stake in Beer Battle,positive,2
The manufacturing will begin in Pietarsaari in the beginning of the year 2009 and the delivery will take place in October 2009 .,neutral,1
"In Finland , Sampo Bank , now part of the Danske Bank group , will lay off staff from the administrative and support functions .",neutral,1
Nordea Pankki Suomi Oyj 's ownership in Stonesoft Corporation has decreased below 1-20 .,neutral,1
"The EBRD is using its own funds to provide a 21.6 million A loan while the B portion of 10 million Euros has been syndicated to two Finnish commercial banks , Nordea Bank Finland Plc 7.7 million Euros and Pohjola Bank Plc 2.3 million Euros .",neutral,1
$NFLX +1% $104.80 LONG streaming services rapidly outpacing traditional cable,positive,2
"At first , Solteq 's services to companies operating in the St. Petersburg area will include maintenance and material management systems and data collection solutions .",neutral,1
The Group 's order portfolio decreased from EUR 42.9 mn in 9-2007 to EUR 33.3 mn in 2-2008 .,negative,0
"May 29 , 2010 ( CompaniesandMarkets.com delivered by Newstex ) -- This report provides key data and information on the meat , fish and poultry market in Finland .",neutral,1
"The company serves customers in various industries , including process and resources , industrial machinery , architecture , building , construction , electrical , transportation , electronics , chemical , petrochemical , energy , and information technology , as well as catering and households .",neutral,1
"The airline estimated that the cancellation of its flights due to the closure of European airspace , and the process of recommencing traffic , have caused a the company a loss of EUR20m , including the costs of stranded passengers ' accommodation .",neutral,1
"Operating result , excluding one-off items , totaled EUR 9.1 mn compared to EUR 10.6 mn in continuing operations , excluding one-off items in 2004 .",neutral,1
The fine print is here .,neutral,1
London Stock Exchange Shareholders Approve Merger With Deutsche BÃ¶rse,positive,2
"UPM said the move will lower net profit by  x20ac 385 million US$ 520 million in the second quarter , mainly due to impairment charges .",negative,0
"The device can also be used for theft protection and positioning of vehicles , boats and other assets .",neutral,1
The company will also be compensated for acting as a reserve batch plant .,positive,2
"The company designs and manufactures high-quality clothing , interior decoration textiles , bags , and other accessories .",neutral,1
"The devices would be launched in the Chinese market in late 2006 , the company said .",neutral,1
"Marimekko has today ( 20 November ) signed a license agreement with the Swedish chain , whereby Marimekko will license some of its popular patterns from the 1950s , 1960s and 1970s to H&M .",positive,2
"Net sales will , however , increase from 2005 .",positive,2
"Tornio Works employs 2,300 of whom more than 1,800 have been in the scope of the fixed-period or part-time temporary layoffs in April-October period .",negative,0
"The sale will allow Campofrio to focus on its recently announced takeover of Groupe Smithfield Holdings , the European unit of Smithfield Foods Inc. ( SFD ) of the U.S.",neutral,1
"In June it sold a 30 percent stake to Nordstjernan , and the investment group has now taken up the option to acquire EQT 's remaining shares .",neutral,1
Operating loss totaled EUR 0.3 mn compared to a profit of EUR 2.2 mn in the corresponding period in 2007 .,negative,0
Operating profit fell to EUR 23.26 mn from EUR 32.86 mn .,neutral,1
#NDX component Tesla has announced it is recalling 2700 Model X SUVs. $TSLA,negative,0
"KESKO CORPORATION STOCK EXCHANGE RELEASE 28.02.2008 AT 09.30 1 ( 1 ) Kesko Corporation and Aspo plc today signed an agreement by which Aspo acquires the share capital of Kauko-Telko Ltd , a subsidiary wholly owned by Kesko .",positive,2
"Simultaneously , Alma Media has purchased a 35 % share of Arena Interactive , a subsidiary of Arena Partners with a focus on mobile solutions development .",neutral,1
"However , Biohit estimates its total net sales will continue to grow in 2009 , and that favourable trends in net sales will lead to a profit in 2009 .",positive,2
Donations to universities The Annual General Meeting authorized the Board of Directors to donate max .,neutral,1
TELECOMWORLDWIRE-7 April 2006-TJ Group Plc sells stake in Morning Digital Design Oy Finnish IT company TJ Group Plc said on Friday 7 April that it had signed an agreement on selling its shares of Morning Digital Design Oy to Edita Oyj .,positive,2
"`` We have a group of 120 volunteers made up of Digicel employees who will manage the distribution ... Over the next week , they will distribute the 19,000 tents to more than 150 organizations , '' Digicel Haiti CEO Maarten Boute said .",neutral,1
Currently Alfred A Palmberg is putting the finishing touches to one of Finland 's biggest ever re-plumbing and bathroom refurbishment projects also in the district of Vuosaari .,neutral,1
"$HAL If bulls lucky enuff to get an upside gap fill, better take it. Wouldn't chase it here. http://stks.co/r12Us",neutral,1
"`` I 'm pleased to receive the Nomination Committee 's request and confidence , '' says Jon Risfelt .",positive,2
EPS dropped to EUR0 .2 from EUR0 .3 .,negative,0
The Finnish paints company acquired the remaining 49 pct that it did not own from Ukraine 's LGU for an undisclosed sum .,neutral,1
"The new company will likely hold an IPO on the NYSE or another international stock exchange , according to Altimo which manages the Alfa Group 's telecommunications assets and TeliaSonera 's agreement , which has been published on the website of the U.S. Securities and Exchange Commission .",neutral,1
Increased trust of our clients in YIT can be seen as apartment sales accelerated .,positive,2
"The end-to-end delivery combines the competencies and services from TietoEnators Telecom & Media , Processing & Network and Digital Innovations Business Areas .",neutral,1
4 January 2011 - Finnish media company Alma Media Corporation HEL : ALN1V said today its online recruitment service Monster Oy will partner with local newspaper publisher Suomen Lehtiyhtyma in listing job advertisements .,neutral,1
"HELSINKI ( AFX ) - Nokian Tyres reported a fourth quarter pretax profit of 61.5 mln eur , up from 48.6 mln on the back of strong sales .",positive,2
The hack had been extra nefarious because the tweets activated without being clicked on - it was enough for Web surfers to move their mouse cursors over them .,neutral,1
"The total service concept also includes technology services , with which Raute supports its customers throughout the entire life cycle of their investments .",neutral,1
Through the acquisition Solteq will expand its solutions offering by Microsoft 's Dynamics business software products .,positive,2
"In Sweden , there is an oversupply of pharmacies .",neutral,1
AstraZeneca share price: Acerta deal pays off with orphan drug status,positive,2
Industry Investment is very interested in Glaston 's solar energy projects .,positive,2
Ingen is an established medical device manufacturer with an emerging new medical product line for the respiratory market worth an estimated $ 4 billion in the U.S. and $ 8 billion globally .,neutral,1
The goal is to secure the company 's profitability and competitiveness .,neutral,1
Incap Furniture is presently negotiating staff cuts .,negative,0
The trucks feature an Eco Drive system - a fuel measuring tool which stores data particular to individual drivers .,neutral,1
"$DNN picked some up, like this going into 2014",positive,2
The reductions will be concluded by autumn 2010 .,neutral,1
"Currently , the plant operates on full capacity .",neutral,1
"The offer of some 30 million shares aimed to raise more than  x20ac 500 million US$ 640 million , was expected to be completed by Oct. 9 , Outokumpu said .",neutral,1
Le Lay succeeds Walter G++nter and will be based in Finland .,neutral,1
Total value of the contract is about EUR 10mn .,neutral,1
The company does not disclose the sum it applied for .,neutral,1
"In the first nine months of 2010 , the company 's net loss narrowed to EUR 415,000 from EUR 7.4 million for the corresponding period of 2009 .",positive,2
"The chain has been trying to cut its own costs , pressuring vendors such as fitness equipment manufacturer Precor to slash prices .",neutral,1
"Fiskars , a 360-year-old global business best known for its orange-handled scissors , expects to derive synergies of EUR5 million a year by consolidating certain parts of the housewares division where the two compete .",positive,2
$IWM buy programs popping $iwm for close print cheap money means higher stock prices $spy robot buying,positive,2
The impact on TietoEnator 's net sales for 2008 from the purchase is expected to be some 11 mln euro $ 15.9 mln .,neutral,1
"In a separate announcement to the Helsinki stock exchange , Atria revealed that the company 's third quarter profits declined from EUR13 .9 m in the third quarter of last year to EUR12 .7 m in this year 's Q3 .",neutral,1
Synergy Pharma Soars 67% Today On Positive Phase 3 Results $SGYP http://stks.co/j2awg,positive,2
"Via the move , the company aims annual savings of some EUR 3 million USD 4.3 m , the main part of which are expected to be realized this year .",positive,2
"Crucially , the decision to use ETSI ( European Telecommunication Standard Institute ) - backed DVB-H adds to the growing list of operators and equipment manufacturers opting for the standard ( see Global : 20 January 2006 : Competing Technologies Vie for Mobile TV ) .",neutral,1
Completion of the transaction is subject to a final agreement and a Due Diligence process .,neutral,1
Rubin says he expects Capman to announce 1-2 additional transactions in 2009 .,neutral,1
All YIT Capital Markets Day materials will be available on the company 's Internet site at www.yitgroup.com/investors at 10:30 on September 26 .,neutral,1
"Talvik says the relocation of application programs on servers will continue , while HP servers were approved because of HP supplying a tailor-made solution to Elisa .",neutral,1
"Antti Orkola , president of Kemira GrowHow 's Industrial Solutions unit , told Thomson Financial News the company has put off opening the mine as prices of phosphate have been ` quite depressed for a long time ' . '",neutral,1
"SRV will raise its holding in the company so that by the summer of 2008 , it will have a majority .",positive,2
Companies Thetrainline.com announces arrival of London IPO,positive,2
"In Q1 of 2009 , Bank of +àland 's net interest income weakened by 10 % to EUR 9.1 mn .",negative,0
Almost the entire office building will be occupied by Metso .,neutral,1
"The first four of the new shop-in-shops will be opened this spring : on Madison Avenue in New York as well as in Chicago , Los Angeles and San Francisco .",neutral,1
Cargotec will also move Hallberg-Ivarsson 's service and installation business under the same roof with its service center for Kalmar and MacGregor solutions in Gothenburg .,neutral,1
"Ragutis , which is based in Lithuania 's second-largest city Kaunas , boosted its sales last year 22.3 per cent to 36.4 million liters .",positive,2
"The segment has an annual revenue of approximately EUR400m , the company said .",neutral,1
U.S. Debt Lures Schroders as ECB Depresses Rates,neutral,1
"ALEXANDRIA , Va. , Dec. 22 -- United States Patent no. 7,854,608 , issued on Dec. 21 , was assigned to Outotec Oyj ( Espoo , Finland ) .",neutral,1
"In the Czech Republic , the profiling unit at Ostrava will be closed and the machinery will be relocated to Ruukki 's bigger plants in Hungary , Poland and Romania by the end of the first quarter of 2009 .",neutral,1
Finnish Cargotec 's Kalmar has received a significant order from the US Department of Defense .,positive,2
"The company 's annual loss amounted to EEK 18mn , compared to a profit of EEK 7.3 mn in 2008 .",negative,0
"from BUSINESS LINE , May 16 , 2008 Sriperumbudur , May 15 - Nokia 's two key suppliers - Aspocomp and Wintek - are likely to start operations within three months in the Nokia Telecom Park at Sriperumbudur , 45 km west off Chennai .",neutral,1
easyJet expects resilient demand to withstand security fears,positive,2
"ADPnews - Jul 17 , 2009 - Finland-based steel maker Rautaruukki Oyj Ruukki HEL : RTRKS said today it slipped to a net loss of EUR 184 million USD 259.7 m for the first half of 2009 from a net profit of EUR 2",neutral,1
in Finland Finnish pharmaceutical company Orion Corporation OMX Helsinki : ORNAV said on Wednesday 7 January that it has concluded its personnel negotiations in Finland and will reduce the number of personnel by 205 .,negative,0
"The board machine , which will have a wire width of 6.25 m and a design speed of 900 m-min , will produce close to 1,400 tonnes of folding boxboard per day .",neutral,1
"Sudden optimism about iPhone sales (i.e., not as bad as expected) gives Apple $AAPL a lift.  https://t.co/oKTCw4YiB5",positive,2
Operating profit rose to EUR 13.1 mn from EUR 8.7 mn in the corresponding period in 2007 representing 7.7 % of net sales .,positive,2
Scanfil has also issued a profit warning .,neutral,1
No financial details were reported .,neutral,1
The third order awarded to Outokumpu Technology is by Shalkiya Zinc of Kazakhstan for the Shalkiya zinc-lead project in Kazakhstan .,positive,2
Shire share price under pressure after $32bn Baxalta deal,negative,0
"$TYC just about to break out to new highs, lots of technicals looking great right now.",positive,2
The annual net sales of the unit is some EUR 5 million and it currently employs some 55 people .,neutral,1
21 October 2010 - Finnish fishing tackle company Rapala VMC Corp ( HEL : RAP1V ) said today its net profit rose to EUR18 .9 m for the first nine months of 2010 from EUR15 .1 m for the same period a year earlier .,positive,2
Deliveries by Outotec will take place over 30 months .,neutral,1
Whitbread buys 49% stake in Pure food chain,positive,2
"Via the takeover , Panostaja further expands its business area specialising in digital printing , which since previously consists of the subsidiaries Kopijyva Oy and Sokonet Oy .",positive,2
"Consolidated net sales increased 16 % to reach EUR74 .8 m , while operating profit amounted to EUR0 .9 m compared to a loss of EUR0 .7 m in the prior year period .",positive,2
"The earnings per share for the quarter came in at 0.25 eur , up from the 0.20 eur of the same quarter a year earlier .",positive,2
Finnish insurance company Fennia and Kesko Group are ending their loyal customer cooperation .,negative,0
"Tampere Science Parks is a Finnish company that owns , leases and builds office properties and it specialises in facilities for technology-oriented businesses .",neutral,1
The administrators have indicated a need for 900 job cuts at the Irish insurer over the next 15 months .,negative,0
"Sales in Latin America increased by 42 % to EUR 432mn , and a total of 8.7 mn mobile devices were sold in the area , representing an increase of 32 % from the corresponding period in 2009 .",positive,2
Rautaruukki aims to find work from the group 's other locations for those who have been made redundant .,neutral,1
"Excluding non-recurring items , pre-tax profit surged 45 % to EUR80m .",positive,2
Operating profit in the fourth quarter fell to EUR33m from EUR39m a year earlier .,neutral,1
Pivotal Research upgrading $GOOGL to buy.  https://t.co/LSahepdqhD    #stocktrading,positive,2
TalkTalk hires BAE Systems to investigate cyber attack,negative,0
Productional situation has now improved .,positive,2
The value of the total investment is about EUR 600mn .,neutral,1
"Finland-based international machinery rental company Ramirent Plc ( OMX Helsinki : RMR1V ) said on Friday ( 9 May ) that its president and CEO , Kari Kallio , has informed the board of his intention to retire in year 2009 .",neutral,1
@Vegastrader66 Looks like good entry for $QIHU here.,positive,2
Strategic and operational business information is objectively reported .,neutral,1
"DnB Nord of Norway is the `` most likely Nordic buyer '' for Citadele , while Nordea would be a `` good strategic fit '' , according to the document published by Pietiek .",neutral,1
The companies signed the letter of intent for the sale on 17 September 2010 and envisaged to seal the actual agreement on 1 January 2011 .,neutral,1
"Operating profit for the 12-month period decreased from EUR17 .9 m while net sales increased from EUR58 .3 m , as compared to 2007 .",neutral,1
Electronic versions require 24-48 hours as each copy is customized to the client with digital controls and custom watermarks .,neutral,1
The contract will take effect in 2009 for a five or ten year period .,neutral,1
"Net sales rose by 25.5 % year-on-year to EUR59 .6 m , as the number of chargers delivered went up by 41 % to 65.9 million pieces .",positive,2
"- Demand for fireplace products was lower than expected , especially in Germany .",negative,0
The percentages of shares and voting rights have been calculated in proportion to the total number of shares registered with the Trade Register and the total number of voting rights related to them .,neutral,1
The acquisition is expected to take place by the end of August 2007 .,neutral,1
CRH adds CR Laurence to acquisitions tally for $1.3bn,positive,2
"NORDIC BUSINESS REPORT-17 January 2006-Efore Plc inaugurates new plant in Estonia -® 1998-2006 M2 COMMUNICATIONS LTD Finnish power electronics manufacturer Efore Plc said on Tuesday ( 17 January ) that it was inaugurating its new plant in Parnu , Estonia .",neutral,1
"`` I 'm happy with the outcome , '' Sneed said after the hearing .",positive,2
Grounds for the notification : Tiimari Plc 12/30/2010 issued Capital Convertible Loan allocation decision by the Board on 01/31/2011 .,neutral,1
"Finnish Scanfil , a systems supplier and contract manufacturer to the communications sector and the electronics industry , reports net sales of EUR 49.6 mn in the first quarter of 2009 , which are only a per cent smaller than in the corresponding period in 2008 .",negative,0
$SAVE long. https://t.co/yEJuS9cMlC,positive,2
"Elcoteq Dongguan was established in 1999 in the Nancheng District of Dongguan , China and is one of Elcoteq s four volume manufacturing plants in the Asia-Pacific region .",neutral,1
$NUGT Gold above 1400...wow,positive,2
Border Guard Service has banned the mooring of the company car-shipping ferry on its test travel at the railroad-car terminal of the Russian port as the border checkpoint is not yet ready .,negative,0
$ISR- @IsoRay Up 6% and high on volume http://stks.co/iFpo #biotech,positive,2
"This new deal has strengthened the partnership from Telemig Celular and Tecnomen , which it has started since the beginning of Telemig 's prepaid operations .",positive,2
Following the increase the company+óEUR TM s capital totals 5.5 mln Romanian lei $ 1.98 mln-1 .56 mln euro .,neutral,1
"Upon establishment , the plan is directed to approximately 20 persons .",neutral,1
"Centrica extends gas deals with Gazprom, Statoil",positive,2
CompaniesUnilever sales lifted by ice cream in soft economy,positive,2
"According to Finnish petrol station chain St1 's managing director Kim Wiio , the company was forced to make purchases with rising prices in the first half of 2008 , and now consumer prices are going down almost daily due to competition .",negative,0
Standard Chartered Shifts Emerging-Markets Strategy After Losses,negative,0
"Earlier today , Geberit 's Finnish rival Uponor OYJ cut its full-year sales growth forecast to 6 pct from 10 pct , blaming tough conditions in Germany and the US , as well as currency factors .",neutral,1
Panostaja Oyj 's Board also decided at its organisational meeting held upon completion of the AGM to implement the AGM decision concerning Board member fees paid as shares in such a way that shares are transferred on a quarterly basis on the date following publication of the quarterly-annual report .,neutral,1
"The change in holdings in accordance with Chapter 2 , Section 9 of the Finnish Securities Markets Act is described below .",neutral,1
"took some $ENDP long this am, using VWAP as guide",positive,2
"It is part of the development of the world-class magnetite deposit at Karara , which has the known potential for over 30 million metric tons of annual processing of magnetite over its estimated 30-year life .",neutral,1
Olvi has posted a strong set of figures for the first six months of this year .,positive,2
"In July-September 2009 , Konecranes ' sales decreased to EUR 368.7 mn from EUR 520.4 mn in July-September 2008 .",neutral,1
The ISO certification demonstrates that we are moving forward in our quality commitments to our customers . ',positive,2
"Red Daily Triangle on $SHOR,...Scaling Up on Long Position http://stks.co/r82S",positive,2
L&T also acquired a 50 pct stake in local sector company Salvor Oy at the beginning of September 2007 .,neutral,1
Production at the plant will be based on Neste Oil 's proprietary technology that can use a flexible input of any vegetable oil or animal fat .,neutral,1
Her last position in Nokia Siemens Networks was head of Business Human Resources NSN global IT .,neutral,1
Amanda said that it had already made a USD5 .0 m investment commitment in Russia Partners II fund in July 2005 .,neutral,1
"Finnish electronics contract manufacturer Scanfil had net sales of EUR 52.2 mn in the first quarter of 2007 , down from EUR 60.1 mn a year before .",negative,0
A total of 140 jobs will be reduced at the Raahe Steel Works .,neutral,1
The expansion aims to attract new customers both in Finland and abroad .,positive,2
"The Finnish real estate investment company Interavanti Oyj said on Monday ( 22 September ) that it has agreed to sell its 65 % ownership in the Finnish ticket service company Lippupiste Oy to CTS Eventim AG ( 56,1 % ) and to the managing director of Lippupiste Oy .",neutral,1
Arm slammed by handset sales outlook,negative,0
"Finnish construction company YIT Corporation is planning to build about 200 high-quality holiday homes near the Tahko ski and spa resort , in Finland .",positive,2
Metsaliitto said that it will book a minor gain of less than EUR1 .0 m from the transaction .,positive,2
The Commission is to be applauded for applying a fact-based and data-driven approach and for providing clarity for future petitions .,positive,2
`` Printed fabrics and related design expertise have always been the core of Marimekko 's business and brand .,neutral,1
Less than ten people will face pension agreements .,neutral,1
$AAPL weekly still under the 50 moving average and creating a lower high. https://t.co/vT7ppzY2UY,negative,0
"`` As defences mature , attackers develop Trojans that are equipped with content filters to detect online banking activity for capturing account details using methods such as form grabbing , screen shots , video captures , keylogging and injection of form fields .",neutral,1
Cramo slipped to a pretax loss of EUR 6.7 million from a pretax profit of EUR 58.9 million .,neutral,1
easyJet leads Britain's FTSE lower as global bond rout resumes,negative,0
Operating profit rose to EUR 26.7 mn from EUR 14.9 mn in the corresponding period in 2006 .,positive,2
"Profit for the period totalled EUR 0.8 mn , down from EUR 1.1 mn in the corresponding period in 2008 .",neutral,1
"Thus the group 's balance sheet will have about EUR25 .8 m in goodwill for 2010 , the company added .",neutral,1
"HK Ruokatalo now accounts for about 50 % of poultry sales in Finland , and profitability is at a good level .",positive,2
"To ensure low operational cost for radio networks , the BTS modules can be configured , software upgraded and diagnosed remotely .",positive,2
"In the reporting period , EPS stood at EUR0 .07 versus EUR0 .11 .",neutral,1
Finland-based Stockmann Group has closed seven franchising sports stores Nike in Russia .,negative,0
"Finland 's Technopolis is planning to bring the first section of a technopark on stream in St. Petersburg at the end of 2008 , Kari Mikkonen , vice president of Technopolis , told reporters in Helsinki .",neutral,1
Incap and Lankapaja aim to enter into actual agreement to transfer the sheet-metal production to the buyer in February in order to complete the transfer on 1 March 2011 .,positive,2
$YELP This goes green and so many shorts are toast!,positive,2
Operating profit fell to EUR 20.3 mn from EUR 74.2 mn in the second quarter of 2008 .,neutral,1
The estimated value of the deal is USD 9.2 million .,neutral,1
"Profit before taxes decreased by 9 % to EUR 187.8 mn in the first nine months of 2008 , compared to EUR 207.1 mn a year earlier .",neutral,1
"According to Nordic financial group Nordea 's analyst Sami Sarkamies , this makes Nokia 's portfolio competitive again .",positive,2
NYSE owner ICE may gatecrash Deutsche Boerse-LSE merger,negative,0
"Operating profit totaled EUR 3.8 mn , down from EUR 4.5 mn in the corresponding period in 2005 .",negative,0
Kone shares dropped 4.1 percent to  x20ac 43 US$ 55.77 in Helsinki .,neutral,1
"`` This transaction supports Huhtamaki 's strategic review of rigid plastic consumer goods operations '' , says Huhtam+ñki Oyj 's CEO Jukka Moisio .",neutral,1
"Intuitive Surgical $ISRG is in a great financial position, take a look https://t.co/VahhJAcBFG https://t.co/24hQTQX4ou",positive,2
These moderate but significant changes resulted in a significant 24-32 % reduction in the estimated CVD risk .,positive,2
"`` There 's the issue of thieves stealing them from building sites , '' said Mr Smith .",negative,0
"Previously , it projected the figure to be slightly lower than in 2009 .",neutral,1
"$KNDI Break that HOD on volume, and we have a nice consolidation completed for another run.",positive,2
"Finnish Scanfil , a systems supplier and contract manufacturer to the communications sector and the electronics industry , reports its net sales totalled EUR 94.7 mn in the first half of 2010 , down from EUR 99.5 mn in the first half of 2009 .",negative,0
Shire Sees Baxalta Deal Closing as Expected After New Rules,positive,2
"Cramo Plc is a service company specialising in construction machinery and equipment rental and rental-related services , as well as rental and sale of modular space .",neutral,1
"In January-August 2009 , imports by sea in container , lorry , and trailer units fell by 27.7 % and exports by 28.6 % from the corresponding period in 2008 .",neutral,1
The company said that it has agreed to a EUR160m unsecured credit line from lenders .,neutral,1
The company then said it will focus its resources on clinical research .,neutral,1
"Finnish Ponsse has signed an agreement with Babcock Africa for the distribution and support of Ponsse forest machines , harvester heads , and information systems in South Africa .",positive,2
An audio webcast will be available live and archived on Cerner 's Web site at www.cerner.com .,neutral,1
Breakingviews: IAG can pay more for Aer Lingus,positive,2
down to EUR5 .9 m H1 '09 3 August 2009 - Finnish media group Ilkka-Yhtyma Oyj ( HEL : ILK2S ) said today its net profit fell 45 % on the year to EUR5 .9 m in the first half of 2009 .,negative,0
"The study was not designed to enable formal statistical evaluation of therapeutic activity , the company said .",neutral,1
The fund at fair value will increase correspondingly .,positive,2
The total investment in 2006 and 2007 is expected to amount to about EUR75m .,neutral,1
The price will be specified at the completion date .,neutral,1
"The remaining amount will be funded through debt , the Danish bank said .",neutral,1
The Financial Statements and Interim Reports will be released around at 9.00 a.m. ( Finnish time ) on the given dates .,neutral,1
"In the next few years , the ICT sector 's share of electricity consumption will be raised by the increase in the popularity of smartphones .",neutral,1
The company says the measures are no longer needed .,neutral,1
"TietoEnator itself uses Nokia 's Intellisync Mobile Suite 's wireless email , calendar , and device management capabilities , and the company will now extend these services to its customers .",positive,2
$PLUG Closed short position. Small gain. Not interested in options expiring worthless,positive,2
"Jukka Hienonen , the current Finnair CEO , will step down at the end of January 2010 .",neutral,1
The intent of the article was to focus attention on the fact that the development model that China had followed was very different than the model that India had followed .,neutral,1
Tikkurila acquired a majority stake in Kolorit Paints in the autumn of 2004 .,neutral,1
"The Finnish company is building a 800,000 mt-year biodiesel plant in Singapore .",neutral,1
The order includes 48 ship cranes that will be delivered for 12 container feeders to be built at Wenchong shipyard in China .,neutral,1
"The product range includes marinated olives , cold cuts , and pates , for example .",neutral,1
"Its board of directors will propose a dividend of EUR0 .12 per share for 2010 , up from the EUR0 .08 per share paid in 2009 .",positive,2
"Net cash flow from operating activities was a negative EUR 3.1 mn , compared to EUR 23.3 mn in the corresponding period in 2009 .",neutral,1
"METALS-Zinc surges 12 pct after Glencore cuts output, fuelling metals rally",positive,2
The iPad application joins the iPhone app as part of Monster 's range of mobile applications for job hunting .,neutral,1
Synergy benefits will start to materialise in the second quarter .,positive,2
HSBC appoints business leaders to board,positive,2
Ruling sets lower limit on potential fine for BP,negative,0
Long $GPRO for a brealout trade,positive,2
"In Finland , OP-Pohjola 's staff union is boycotting the group 's insurance sales tasks because the company has refused to take the sale of insurance into account in determining wages .",neutral,1
Actions to improve operational efficiency and adjust operations are expected to deliver annualised permanent cost savings of around EUR 4.5 million and will be effected mostly during the first half of 2010 .,positive,2
$BAC in for swing trade  looks like want go up,positive,2
$KCG bot at 2.24,positive,2
$EFUT hod  posted buy pm at $4.40,positive,2
"BPI Says Caixabank, Isabel dos Santos Reach Agreement Over Angola Exposure",positive,2
The new SEPA cads will replace Finnish bank cards .,neutral,1
"According to Ringman , Finnish paper companies have acquired know-how and capacity in paper recycling , which has turned out to be a successful strategy .",positive,2
"$AAPL Stock Climbs as Barron's Sees 40% Upside, Jim Cramer's Take  https://t.co/lKlD9mVKBQ",positive,2
$GALE Breakout Coming Soon!,positive,2
Operating profit in the fourth quarter fell to EUR33m from EUR39m a year earlier .,negative,0
"Aldata Solution Oyj Stock Exchange Release 11 August 2006 , at 11.00 am ALDATA SHARES SUBSCRIBED FOR WITH 2003 STOCK OPTIONS A total of 95,000 new shares of Aldata Solution Oyj have been subscribed for with the company 's 2003A stock options .",neutral,1
Finnair said that the cancellation of flights would cause daily losses of  x20ac 2.5 million US$ 3 million .,negative,0
Saunalahti is a part of the Elisa group .,neutral,1
@NASDboy I think the DNF crew can get this $NFLX short into the next 30 days heading into earnings,negative,0
"The result will also be burdened by increased fixed costs associated with operations in China , and restructuring costs in Japan .",negative,0
Mr. Doring has been with Eaton since 1989 and acted as the Business Unit Manager for Eaton 's Power Controls Business Unit since January 2007 .,neutral,1
"The business area has operations in Finland , Sweden , Denmark , Estonia , Latvia and Lithuania .",neutral,1
"According to the Finnish-Russian Chamber of Commerce , all the major construction companies of Finland are operating in Russia .",neutral,1
"In volume , the focus is already outside Finland , as 60 % of the group 's products are made in Poland and the Baltic countries .",neutral,1
"`` After the transaction , Tikkurila has no powder coatings-related operations , '' the company said .",neutral,1
$SPY wouldn't be surprised to see a green close,positive,2
"`` Neste Oil is working with over 20 research communities in Europe , America , Africa , Asia , and Australia to develop and introduce new raw materials .",positive,2
Ramirent Finland is the domestic unit of machinery rental company Ramirent Oyj HEL : RMR1V .,neutral,1
Oriola-KD expects its invoicing in 2008 to be higher than the comparable invoicing of 2007 .,positive,2
"( ADP News ) - Sep 30 , 2008 - Finnish security and privacy software solutions developer Stonesoft Oyj said today that it won a USD 1.9 million ( EUR 1.3 m ) order to deliver its StoneGate network security products to an unnamed Russian te",positive,2
"`` Subscribers can browse free numbers with their handset , and select the numbers , packages and services they prefer when activating the phone .",neutral,1
Incap Contract Manufacturing is a subsidiary of Incap Corporation of Finland .,neutral,1
"However , he expects banks to provide alternative financing .",positive,2
"schwalm ( at ) outotec.com Eila Paatela , Vice President - Corporate Communications tel. +358 20 529 2004 , mobile +358 400 817198 e-mail eila .",neutral,1
Operating profit rose to 22.1 mln eur from 19.9 mln .,positive,2
Uponor improved its performance in spite of the decrease in residential construction in the US .,positive,2
Sales increased due to growing market rates and increased operations .,positive,2
The purchase sum is about EUR 10mn US$ 12.97 mn .,neutral,1
"`` Nokia 's Calling All Innovators Africa competition has been specifically launched to enable developers to create locally relevant , best-of-breed mobile applications . ''",positive,2
Stichting Pensioenfonds ABP : 4 118 122 shares representing 5.19 % of the share capital and voting rights .,neutral,1
$AAPL Goldman Sachs reiterates conviction buy on Apple with a $155 PT $SPY $DJIA $GS https://t.co/h5hmXSITwM,positive,2
"According to Finnish FIM Bank , Alpro 's price would be around EUR 100mn-150mn .",neutral,1
"The competition was received with great enthusiasm by the employees , he goes on .",positive,2
The contract involves refurbishing the bathrooms of 189 units as well as re-plumbing their water and sewer pipes .,neutral,1
"In the Baltic countries , sales fell by 40.2 % , and in Russia , by 23.2 % in terms of euros , and by 10.7 % in terms of local currency .",negative,0
"According to latest information , Benefon will launch its Twig device on 20 September 2006 .",neutral,1
The acquisition price was not disclosed .,neutral,1
The company is reportedly searching for a replacement for CEO Olli-Pekka Kallasvuo .,neutral,1
The shares represented 4.998 % of total share capital and 2.14 % of total voting rights .,neutral,1
"Operating profit totalled EUR 9.6 mn , down from EUR 42.0 mn the year before .",neutral,1
Boomerang Boats had net sales of EUR 4.1 mn and it made an operating profit of EUR 0.4 mn in 2006 .,neutral,1
11 August 2010 - Finnish measuring equipment maker Vaisala Oyj HEL : VAIAS said today that its net loss widened to EUR4 .8 m in the first half of 2010 from EUR2 .3 m in the corresponding period a year earlier .,neutral,1
"The interim report for the first quarter is published on May 8 , 2009 .",neutral,1
"N +1 Group will pay EUR16 .5 m of the transaction price upon closing , and the remaining sum in 2012 .",neutral,1
Finnish waste management and cleaning group Lassila & Tikanoja Oyj ( L&T ) net profit went down to 32.2 mln euro ( $ 47.7 mln ) for 2007 from 35.3 mln euro ( $ 52.3 mln ) for 2006 .,neutral,1
This acquisition supports our strategy of being close to our customers all around the world offering both equipment and related services .,positive,2
"Finnish electronics contract manufacturer Scanfil had net sales of EUR 52.2 mn in the first quarter of 2007 , down from EUR 60.1 mn a year before .",neutral,1
"Currently Glaston employs approximately 1,500 persons .",neutral,1
"Wartsila won the contract in October 2007 and the plant will be installed at Manturovo in the Kostroma region of Russia , about 600 km northeast of Moscow , Russia .",positive,2
$CHRM Loooooongggggg base,positive,2
Earnings per share ( EPS ) in 2005 decreased to EUR1 .87 from EUR1 .89 in 2003 .,neutral,1
"The company will use the money for product development and research activities through 2013 in its key markets Finland , Germany , Italy and France .",neutral,1
"Finland 's leading metals group Outokumpu said its fourth-quarter net profit more than tripled on the back of strong global demand for stainless steel , soaring base metal prices and proceeds from the sale of its technology unit .",positive,2
"London 's leading shares today jumped almost 100 points , or 1.7 % , as the market opened .",positive,2
"Finnish GeoSentric 's net sales decreased to EUR 939,000 in January-March 2009 .",negative,0
"$JE LOOKS like we are bouncing.  Would be nice to finish over $6 today, and make the hammer.  Nice volume from 5.77 bottom.  Fingers crossed",positive,2
"2009 3 February 2010 - Finland-based steel maker Rautaruukki Oyj ( HEL : RTRKS ) , or Ruukki , said today it slipped to a larger-than-expected pretax loss of EUR46m in the fourth quarter of 2009 from a year-earlier profit of EUR45m .",neutral,1
"Aldata Solution Oyj Thomas Hoyer CFO More information : Aldata Solution Oyj , Thomas Hoyer , CFO , tel. +358 45 670 0491 Aldata in brief Aldata Solution is one of the global leaders in supply chain software for retail , wholesale and logistics companies .",neutral,1
$SBUX heading for the 200DMA and certain doom if it can not hold there.,negative,0
The operating margin of Aker Yards Cruise & Ferries division went down from 8.3 % to 6.4 % in the first quarter of 2007 .,negative,0
"In Finland , OP-Pohjola 's staff union is boycotting the group 's insurance sales tasks because the company has refused to take the sale of insurance into account in determining wages .",negative,0
The shipyard hopes the regional government in Andalusia can offer its some form of financial support .,neutral,1
$AMZN Trailing 12 months operating cash flow rose 48% to $4.98 billion & free cash flow decreased 63% to $388 million http://stks.co/c06zG,neutral,1
L&T 's net profit for the whole 2010 dropped to EUR 36 million from EUR 45 million for 2009 .,negative,0
"Apple expected to launch new iPhone, iPad today $AAPL https://t.co/XfnICWeBeG",positive,2
Airvana 's UMTS Home Base Station femto cell uses software-based functionality and off-the-shelf silicon to accelerate feature development and reduce product cost .,positive,2
Recently the company decided to build a second identical plant at the same site due to be commissioned toward the end of 2008 .,neutral,1
What we think ?,neutral,1
"Operating profit , excluding non-recurring items , totalled EUR 2.2 mn , down from EUR 2.7 mn in the corresponding period in 2008 .",neutral,1
$TSLA yeah lets go down to 230s lol,negative,0
Operating loss totaled EUR 25mn compared to a profit of EUR 63mn in the corresponding period in 2005 .,neutral,1
"Karachi , Sept. 14 -- Ixonos , a world leader in the development and integration of solutions for handheld devices , announced that it is implementing a touch screen mobile user interface solution for the Intel Atom processor Z6xx based smartphones .",neutral,1
"Ackman, in email, says supports Valeant CEO Pearson",positive,2
"In the Baltic states the company reports net sales of EUR 11.9 mn , down from EUR 14.2 mn , and an operative EBIT of EUR -2.2 mn , down from EUR -1.7 mn .",neutral,1
"In this case , the effect would be negative in Finland .",negative,0
"ISMS does not disclose its financial results , the daily said .",neutral,1
"`` We are happy to be working with Rapala to encourage boaters and anglers to introduce newcomers to the sport , '' said RBFF President & CEO Frank Peterson .",positive,2
The options might include a partial or total divestment of their shareholdings in Ovako .,neutral,1
The customer is cooperative retailer Osuuskauppa Suur-Savo .,neutral,1
"Managing Director 's comments : `` Net sales for the first quarter were notably lower than a year before , especially in Finland , Russia and the Baltic countries .",neutral,1
"Comparable operating profit totaled EUR 4.7 mn , down from EUR 5.1 mn in the corresponding period in 2005 , representing 7.4 % of net sales .",neutral,1
EU regulator backs approval for GSK injectable asthma drug,positive,2
The price for logs has clearly improved from 2009 and also the price of pulpwood has gone up .,positive,2
"Nordea Bank AB publ holds 6.000 Alma Media shares , representing 0.008 % of share capital and voting rights .",neutral,1
"The three year turn-around program is expected to ensure Salomon 's future competitiveness , the company said .",positive,2
Also Lemmink+ñinen 's profit for accounting period went up to EUR 3.1 mn from EUR -24.5 mn a year ago .,positive,2
"The report also said Nokia 's operations comprising the sites at Bochum , Ulm , Dusseldorf , Munich and Frankfurt posted operating profit after interest of 246 mln eur .",neutral,1
Ocwen Reaches Settlement With California Regulator,positive,2
"As much biomass will be used as can be sourced locally , with the rest of the plant 's fuel needs met by peat .",neutral,1
"For 2009 , Incap expects revenue of some EUR 70 million .",neutral,1
"Exel Composites ' long-term growth prospects remain favourable , however .",positive,2
In return the New York-based private equity firm will receive a 51 % stake in the Latvian IT and telecom group .,neutral,1
$ZNGA http://stks.co/3rdu Looking for a test at 9.25 resistance point. cc @ cfrazierjr @FletchTrade #traders,positive,2
The company said that its comparable operating profit for the January-June period fell short of last year 's corresponding performance .,negative,0
"The divestment is in line with the company 's plans to focus on selected growth segments and streamline corporate structure , the company explained .",positive,2
"EQT has completed its exit from Salcomp , a Finnish company that makes mobile phone chargers , by selling its remaining stake to Swedish investment group Nordstjernan for about ( EURO ) 35 million ( $ 47 million ) .",neutral,1
Finnish metal products company Componenta Oyj net profit went slightly down to 25.1 mln euro ( $ 40.2 mln ) for the first half of 2008 from 25.4 mln euro ( $ 40.7 mln ) for the same period of 2007 .,negative,0
Microsoft last week also issued the first patch for the Windows 7 operating system beta it had released days earlier .,neutral,1
$TSLA not dipping - testing the 200 day ma https://t.co/jEPLmZQKGW,positive,2
"Finnish IT consultancy Satama Interactive Oyj said on November 13 , 2006 that Jarmo Lonnfors took up the position of CEO .",neutral,1
The closing of such transaction took place today .,neutral,1
The measures taken will cause one-time costs during the final part of 2006 .,neutral,1
"CompaniesTravis Perkins lifts dividend, earnings rise 15%",positive,2
Componenta will also offer a five-year subordinated loan for subscription by the public .,neutral,1
"` After fixing our home-base , cutting costs and closing the non-profitable units , we are now looking at going forward , ' she said .",positive,2
Finnish department store chain Stockmann Oyj Abp net profit rose to 39.8 mln euro ( $ 56.8 mln ) for the first nine months of 2007 from 37.4 mln euro ( $ 53.4 mln ) for the same period of 2006 .,positive,2
Scanfil issued a profit warning on 10 April 2006 .,negative,0
"The period 's sales dropped to EUR30 .6 m from EUR38 .3 m , according to the interim report , released today .",neutral,1
"Cablevision Systems Corp. CVC Their Madison Square Garden division owns and operates the New York Knickerbockers basketball team ; they also own the Madison Square Garden Arena , the New York Rangers hockey team , the New York Liberty women 's basketball team , and the Hartford Wolf Pack hockey team .",neutral,1
"The contracts awarded to date , in connection with the system , amount to a total EUR 36 million .",neutral,1
"The new company , DiaPol S.r.l. , would manufacture tools meant for glass and stone pre-processing .",neutral,1
"With this acquisition the wireless modem unit and its approximately 1,100 employees were transferred to Renesas Electronics Corporation .",neutral,1
Deutsche Bank cuts $SBUX,negative,0
Operating loss amounted to EUR 0.7 mn compared to a profit of EUR 0.8 mn in the second quarter of 2005 .,neutral,1
"UPDATE 1-SABMiller 2nd-quarter underlying sales rise, forex impacts margins",neutral,1
"Utah 's capital wanted to be the next U.S. headquarters of Amer Sports Corp. , a ski-equipment company .",neutral,1
"Finnish silicon wafer technology company Okmetic Oyj OMX Helsinki : OKM1V reported on Thursday 30 October an operating profit of EUR7 .4 m for January-September 2008 , up from EUR6 .1 m in the corresponding period in 2007 .",positive,2
"`` The number of collection errors fell considerably , and operations speeded up .",positive,2
The optimization of the steel components heating process will reduce the energy consumption .,positive,2
Word on the street is that Allergen is looking at Endo International after the failed Pfizer merger. May-20 $35 calls active. $ENDP,positive,2
"The business is organised , as of February 1 , 2011 , in a way that production of design services is combined into one entity , Etteplan Operations .",neutral,1
"Earnings per share ( EPS ) in the first half of 2007 amounted to EUR0 .29 , down from EUR0 .40 year ago .",neutral,1
"Due to rapid expansion , the market share of Tallink in terms of passenger carriage through Tallinna Sadam Port of Tallinn totaled 55 percent in November against 45.7 percent in November 2005 .",positive,2
Industry NewsMorrisons unveils which stores will close as 900 jobs face the axe,negative,0
Short more $FAZ for all who don't know that means markets will tank now :-p,negative,0
Brewer AB InBev seeks $275 bln tie-up with SABMiller,positive,2
26 November 2010 - Finnish sports-equipment maker Amer Sports Oyj ( HEL : AMEAS ) said today it has obtained a EUR30m Schuldschein note loan from a pool of international investors .,neutral,1
"Suominen Corporation estimates that the cost-cutting program that started in autumn 2005 , higher sales prices , and expected growth in volume of Wet Wipes , will make the company 's operations more profitable .",positive,2
"The Board of Directors proposes to the Shareholders ' Meeting on 18 March 2010 that the company would pay dividend for the financial year January 1 - December 31 , 2009 , EUR 0.02 per share .",neutral,1
UPDATE 1-Cypress Semiconductor offers to buy Integrated Silicon Solution,positive,2
"Outotec is currently delivering a new oil shale processing plant for Eesti Energia in Estonia based on Enefit technology , which has been developed jointly by Eesti Energia and Outotec .",neutral,1
"In accordance with the terms and conditions of Alma Media 's 2006 option program , the share subscription price for the 2006A option rights was EUR 4.88 per share and the book countervalue EUR 0.60 per share .",neutral,1
"When dialing in , the participants should quote 877417 as conference ID .",neutral,1
"Net sales went up by 1 % year-on-year to EUR 29 million , affected by the business acquisitions , realized during the previous financial period , the effect of which was EUR 5.1 million on the review period .",positive,2
"Finnish technology group Aspocomp Group Oyj ( OMX Helsinki : ACG1V ) issued its third quarter report on Thursday ( 13 November ) , posting an operating profit of EUR0 .4 m , as compared to a loss of EUR0 .5 m in the third quarter of 2007 .",positive,2
"Brazilian non-profit interbank Camara Interbancaria de Pagamentos CIP has acquired solutions from US business integration solutions provider Sterling Commerce , the latter company said in a statement .",positive,2
Kirsi Rantanen was previously development director for HK Ruokatalo 's poultry business .,neutral,1
$BXS: BancorpSouth Announces Extension of Merger Agreements with ... http://stks.co/s2PDF,positive,2
RL-Nordic is a part of Raiffeisen-Banking-Group Austria and is a subsidiary to Raiffeisen-Leasing GmbH in Austria .,neutral,1
"Recovery has been evident in the liquid handling business , particularly in areas outside Europe and primarily in North America and Asia .",positive,2
$GDX $GDXJ $JNUG - strong move today for the Junior Gold Miners - keep an EYE out for a gap fill -,positive,2
Atria will also buy the shares of Kauhajoen Teurastamokiinteistot Oy (Kauhajoki slaughterhouse property)from Itikka Co-operative .,neutral,1
The idea of saving electricity in data transfer is still a new one .,neutral,1
"Nevertheless , Fitch notes that the business fundamentals of the three banks currently remain sound .",positive,2
Berkshire Hathaway names Kara Raiguel to lead General Re unit,neutral,1
"At the same time , the market for automated liquid handling devices is already larger than that for pipettes , according to Biohit .",neutral,1
"Aug. 17 , 2010 ( Curbed delivered by Newstex ) -- And now , the latest from Racked , covering shopping and retail from the sidewalks up .",neutral,1
COMPTEL CORPORATION Sami Ervio President and CEO Distribution : NASDAQ OMX Helsinki Major media Comptel Dynamic OSS solutions enable telecom service providers to deliver services flexibly and charge them effectively .,neutral,1
$FB Big Money Is Pouring Into Facebook From All Directions;http://stks.co/sOwG,positive,2
"Elisa said mobile subscriptions grew 7 percent during 2007 , mainly because of customers adopting so-called third generation mobile technology .",positive,2
"Operating profit totaled EUR 9.4 mn , down from EUR 11.7 mn in 2004 .",negative,0
Export accounts for about one tenth of the company 's annual turnover of one billion kroons .,neutral,1
"The connectivity unit has more than 100 e-invoice customers , and the number of annual transactions stands at nearly one million .",neutral,1
The transaction will take place without payment of merger consideration .,neutral,1
"Professional and consumer applications include personal navigation , personal safety , field and workflow management , and asset tracking .",neutral,1
Operating profit excluding non-recurring items totaled EUR 5.4 mn compared to EUR 5.5 mn in the corresponding period in 2007 .,neutral,1
LSE-Deutsche BÃ¶rse dealmakers wrong to ignore Brexit risk,negative,0
CompaniesDiageo stays neutral on India boardroom turmoil,neutral,1
An appeal concerning the project has been lodged at the Czech Ministry of the Environment .,neutral,1
"On the basis of competitive bidding OOO Kitai Stroi , the Russian subsidiary of China State Construction Engineering Corporation , a construction company owned by China State , has been selected as the main constructor .",neutral,1
"The Filter Tips cover the volume range from 0.1-1200 -Ál including new sizes for 10 , 20 , 100-120 , 200 , 300 , 1000 and 1200 -Ál volume capacities .",neutral,1
Prices and delivery volumes of broadband products decreased significantly in 2005 .,neutral,1
"The Finnish national carrier said net loss in April through June was euro26 million , down from a net profit of euro13 million a year earlier .",neutral,1
"Pretax loss totaled EUR 1.2 mn , down from a profit of EUR 2.1 mn in 2004 .",negative,0
"$VRTX Vertex. Monthly -lower hi/lower lo,  Long term uptrend intract so far",positive,2
The move was triggered by weak demand for forestry equipment and the uncertain market situation .,negative,0
Feed companies Suomen Rehu and Raisio do no import GMO feed .,neutral,1
"The launch of the plant in June went well , and it has been producing the advanced fuel for a couple of weeks .",positive,2
"In April-June 2008 , Scanfil 's net sales totalled EUR 58.7 mn and operating profit EUR 6.6 mn .",neutral,1
"The Ministry of Water in Tanzania has awarded Poyry a water and sanitation engineering assignment for the rehabilitation and extension of water supply and sanitation infrastructure in Bukoba and Musoma , situated at Lake Victoria in northern Tanzania .",positive,2
"The growth in the activeness of Talentum 's customers , which started at the end of 2009 , continued during the reporting period , the company stated .",positive,2
Is #Facebook's user engagement falling? https://t.co/tqMMt7N16X $FB https://t.co/sedqRWgdkt,negative,0
"AHMS will also offer Hotel and Hotel Project Consultancy , Management Services , Brand Franchise , Training and Sales and Marketing services on a pan-India basis .",neutral,1
The Coca-Cola Company and Coca-Cola FEMSA to Acquire AdeS Soy-Based Beverage Business From Unilever,positive,2
COPYRIGHT AFX News and AFX Financial News Logo are registered trademarks of AFX News Limited,neutral,1
"Several large stocks tacked lower , however .",neutral,1
$brcm raises revenue forecast,positive,2
The company has exported into about twenty European countries as well as to Africa .,neutral,1
"CHS Expo Freight is a major Finnish fair , exhibition and culture logistics company that provides logistics services to various events by land , air and sea .",neutral,1
CF2 Pty Ltd became a substantial holder in Renison Consolidated Mines NL on January 25 with 150 million shares ( 7.9 pc ) .,neutral,1
Pharmaceutical market in Italy Global Research & Data Services published recently a market analysis about the pharmaceutical markets in Italy .,neutral,1
Finnish investment group Norvestia Oyj said its net profit fell to 23.5 mln euro $ 30.6 mln in 2006 from 33.5 mln euro $ 43.6 mln in 2005 .,negative,0
The extracted filtrates are very high in clarity while the dried filter cakes meet required transport moisture limits (TMLs)for their ore grades .,neutral,1
The most significant challengers in the market are Logset and Sampo-Rosenlew .,neutral,1
`` Demand for sports equipment was good in 2005 .,positive,2
"The move is aimed at boosting sales , cost-efficiency and market share in Finland .",positive,2
Kemira 's partner in the project is St. Petersburg Water Works .,neutral,1
"The share capital of Biotie Therapies Corp. constitutes 90,211,860 shares in the aggregate and the number of voting rights attached to the shares amounts to 90,211,860 .",neutral,1
"Full-year net sales are expected to increase by approximately 10 % , the company said .",positive,2
"The decision reflects the underutilisation of the line , which produces nonwovens used in medical and wipes applications as well as for the automotive industry .",neutral,1
All Amer Sports companies develop and manufacture technically advanced products that improve the performance of active sports participants .,neutral,1
Operating profit fell from EUR 7.9 mn in the second quarter of 2005 to EUR 5.1 mn in the second quarter of 2006 .,negative,0
"The original name Componenta +àm+Ñl , as a subsidiary of the Finnish Componenta Group , has been changed to +àm+Ñl Components and the company has seen a 63 % growth in Q1 2010 , in comparison to Q1 2009 .",positive,2
$vxx starting to creep up while $spy sits near hod ...,positive,2
"Operating profit excluding non-recurring items decreased to EUR 6.2 mn from EUR 16.8 mn in 2007 , representing 2.3 % of net sales .",neutral,1
"Operating profit for the 12-month period decreased from EUR157 .5 m , while net sales increased from EUR634 .3 m , as compared to 2007 .",neutral,1
"Most of the raw materials come from Europe and the US and are paid in euros or US dollars , while sales take place in rubles .",neutral,1
The maritime administration said the ships had ignored warnings about the icy conditions .,negative,0
$BABA may take a few days wks months watch what happened to $FB $TWTR after they IPO. mrkt needs to washout. to hunt well need 2 wait stalk.,neutral,1
"Of the company 's net sales , 38 % was acquired in Finland , 21 % in other European countries , 40 % in Asia , and 1 % in the US .",neutral,1
The proposed consolidation activities will impact approximately 30 positions .,neutral,1
Irish housebuilder Cairn Homes plans London listing,positive,2
"Tip of the week Panfish like bluegills are great fun to catch , especially for children new to fishing .",neutral,1
Neste Oil will offer outplacement services to the 111 employees to be reduced .,neutral,1
"Benefon , a wireless and GPS technology company , will supply Karputer with its TWIG navigation platform , a GPS satellite navigation and voice guidance service .",positive,2
We hope to increase traffic volumes with the opening of Freight One Scandinavia . '',positive,2
The number of bodily injury cases quadrupled in 2000-2006 .,negative,0
"According to Scanfil , demand for telecommunications network products has fluctuated significantly in the third quarter of 2006 , and the situation is expected to remain unstable for the rest of the year .",neutral,1
"`` Overall , we 're pleased with the startup curve ... and we 're pleased with the quality of the paper , '' Stora spokeswoman Patricia Dietz said Tuesday .",positive,2
Sales boost for new Morrisons chief David Potts as Tesco turnaround stalls,negative,0
No changes regarding the Virala Oy Ab s ownership of shares of Tiimari has taken place .,neutral,1
"The most significant capital expenditure items were in the global enterprise resource planning ERP project , product development and production machines .",neutral,1
"In Finland , the Bank of +àland reports its operating profit fell to EUR 6.1 mn in the second quarter of 2008 from EUR 7.5 mn in the second quarter of 2007 .",negative,0
"AGJ recorded EUR 43 mln sales in 2006 , most of which was generated by exports to customers in Western Europe , the statement said .",neutral,1
"Finnish property investment company Citycon will expand and refurbish +àkersberga shopping center in Stockholm , in Sweden .",neutral,1
"At 1.33 pm , the OMX Helsinki 25 was 0.30 pct lower at 2,463.67 and the OMX Helsinki was down 0.37 pct at 8,537.42 on volume of 256 mln eur .",negative,0
"The Stockmann department store will have a total floor space of over 8,000 square metres and Stockmann 's investment in the project will have a price tag of about EUR 12 million .",neutral,1
"Of the sales price , a sales gain of some 3.1 mln euro ( $ 4.5 mln ) will be recognized in Incap 's earnings for 2007 .",positive,2
"Cash flow from operations totalled EUR 7.4 mn , compared to a negative EUR 68.6 mn in the second quarter of 2008 .",positive,2
Pretax profit totaled EUR 4.9 mn compared to EUR 5.2 mn in the first quarter of 2005 .,neutral,1
.@barronsonline sees #Apple at $150/share in a year (+36% from today) on growing services business. $AAPL https://t.co/3BDNEKN7l1,positive,2
Why not give your bedroom a cool makeover for summer .,neutral,1
The total value of the project is valued at SEK 30bn ( EUR 2.83 bn USD 3.81 bn ) .,neutral,1
"( ADPnews ) - Dec 1 , 2009 - Finnish cutlery and hand tools maker Fiskars Oyj Abp ( HEL : FISAS ) said today that it will make redundant a total of 18 office and management staff members of its subsidiary Iittala Group Ltd. .",neutral,1
"Qualcomm estimated a first-quarter profit between 46 and 50 cents a share , excluding certain items , below the analyst estimate of 61 cents a share .",negative,0
"In Finland , metal sector company Componenta is laying off temporarily the staff of its Pori mill from Christmas 2008 till 6 January 2009 .",neutral,1
Finnish KCI Konecranes has raised its net sales growth estimate for 2006 from over 25 % to over 35 % .,positive,2
"In addition to software development , the new design unit will provide for mechanical engineering and electronics design .",neutral,1
"The parties have agreed not to disclose the price of the deal , the group said in a press release .",neutral,1
"Elsewhere , the tendency is towards more developed packaging than before .",neutral,1
$AMRN You can many times find top and bottoms when shorts start rejoicing or bulls start rejoicing. Currently it is the shorts rejoicing,negative,0
Severn Trent share price jumps as Canadian investor renews pursuit of utility,positive,2
Acquisitions have been made and businesses have been well integrated .,positive,2
"As a result , the company will temporarily lay-off 25 % of the whole personnel , approximately 270 persons at Kirkkonummi and Nivala factories .",neutral,1
Tiimari operates 194 stores in six countries -- including its core Finnish market -- and generated a turnover of 76.5 mln eur in 2005 .,neutral,1
Finnish Bank of +àland will launch its long-term pension savings account at the beginning of June 2010 .,neutral,1
As a result of the negotiations the employment of 130 blue - and white-collar employees at the Oulu plant would be terminated .,neutral,1
"The size of the extension , 18.5 % of which already has been let , will have a gross area of about 2,830 sq m 30,460 sq ft .",neutral,1
$EXPE working on the second leg of its reversal run as it breaks another down trend and continues higher. https://t.co/76DSJysyR0,positive,2
"Operating loss of the Pulp & Paper Machinery unit was over EUR 3mn in September 2007 - August 2008 , compared to a profit of EUR 3.7 mn a year earlier .",negative,0
"Operating result , excluding one-off items , totaled EUR 9.1 mn compared to EUR 10.6 mn in continuing operations , excluding one-off items in 2004 .",negative,0
`` The announced investment of the carmaker Hyundai for example sounds optimistically for us as of course new cars mean new tires . '',positive,2
"Irish Said Chasing Standard Chartered, RBS as Brexit Vote Nears",positive,2
"+£lemiste City is the environment for a knowledge-based economy providing work for 3,300 people with the total turnover of its companies amounting to EEK 5.4 bn , '' said +£lo P+ñrnits , chairman of the supervisory board of +£lemiste City and Mainor .",neutral,1
No financial details were provided .,neutral,1
Viking Line manages well with its current ferries .,positive,2
The GyPSii mobile social networking application is available in China with both Chinese and English language support .,neutral,1
Relations with the City have been further damaged by comments from Mr Ashley criticising City investors and analysts as `` cry babies '' .,neutral,1
The company plans to expand into the international market through its subsidiaries and distributors from 2011 onwards .,positive,2
The measures result from decreased demand in technical design and product information .,neutral,1
The capital structure of Solidium may be complemented by other financial instruments in the future .,neutral,1
"They are responsible for their own operations , customer relationships , and the development of these .",neutral,1
"Loaded up on $bsx yesterday,looking good now. Still think way more upside than downside.",positive,2
Among the biggest Christmas sellers were a  35 satin bow shift dress styled on outfits worn by Victoria Beckham and a  75 Paris Hilton Prom dress .,neutral,1
"The Basware Connectivity services allow companies to handle purchase to pay processes online and make their internal processes more efficient , '' said CEO Ilkka Sihvo , Basware Corporation .",positive,2
Finnlines estimated in its annual general meeting that 2008 will be financially a tough year due to large investments .,neutral,1
"According to the Latvian business register , Uponor Latvia closed in red with LVL 99,000 EUR 139,538.17 USD 194,556.48 on turnover of LVL 2.346 mn for 2009 .",negative,0
Standard Chartered Not Raising Capital Yet As Dividend Cut,negative,0
Travel expenses would be reimbursed in accordance with the travel policy of the company .,neutral,1
UK's FTSE has worst day so far in 2015 as BG and Prudential fall,negative,0
Amazon has been selling surveillance cameras infected with malware $AMZN #Amazon  https://t.co/TohLEQ8FK6 https://t.co/5PR4cBtVVy,negative,0
Comptel Corporation will publish its financial statements for 2008 on 12 February 2009 .,neutral,1
"The subsidiary will be responsible for filter sales , local assembly of filters and after market services in China .",neutral,1
"`` The new structure provides better communication , faster decision-making and cost savings , '' Proha said .",positive,2
Microsoft joins the open-source Eclipse Foundation https://t.co/z8G5cZaKeU focus on collaboration & open business is a smart strategy! $MSFT,positive,2
"The financial impact is estimated to be some 1.5 MEUR annual improvement in the division 's result , starting from fiscal year 2007 .",positive,2
"Fiskars Brands report net sales of EUR 145.8 mn , up from EUR 138.4 mn .",positive,2
"In sales volume , Coca-Cola 's market share has decreased by 2.2 % to 24.2 % .",negative,0
"Following the move , Stora Enso holding in NewPage will remain unchanged .",neutral,1
"Finnish financial software developer Basware Oyj said today it will provide its invoice automation ( IA ) solution to an unnamed major retail company in the USA in a deal , worth more than EUR300 ,000 .",positive,2
"Finnish Sampo-Rosenlew manufactures approximately seven forest machines monthly , and about half of machines are exported .",neutral,1
"Following the payment made in April , the company has a total of EUR 23.0 million in loans from financial institutions .",neutral,1
"The order values at EUR 6.9 mn , and it consists of design services and hardware and software licences .",neutral,1
The new technology improves the glass quality and consistency while increasing throughput .,positive,2
"In January-June 2010 , diluted loss per share stood at EUR0 .3 versus EUR0 .1 in the first half of 2009 .",neutral,1
"Investors will continue being interested in the company 's share although it is not quite cheap , Affarsvarlden said .",positive,2
"Significance : Teleste has emphasised that with its large size and growing economy , as well as the rapid development of its TV services distribution industry , Poland is viewed as an attractive market .",positive,2
Orders received grew by 55 % year-on-year to EUR732m .,positive,2
"Conference Call To participate via a conference call , please dial in 5-10 minutes before the beginning of the event : +44 0 20 7162 0025 Europe or +1 334-á323-á6201 USA .",neutral,1
"Sales in Finland decreased by 2.0 % , and international sales decreased by 9.3 % in terms of euros , and by 15.1 % in terms of local currencies .",negative,0
"The Dutch broker noted that Nokian Tyres reported a good first quarter in 2006 , above or in line with consensus .",positive,2
"$HPQ Says Breakup Will Cost Billions, but Sees Savings Too http://stks.co/p27hZ",negative,0
"Global sports equipment maker Amer Sports Corp. , whose brands include Atomic , Salomon and Wilson , saw a 64 percent increase in third-quarter net profit to EURO 47.4 million $ 65 million on strong sales and cost cuts .",positive,2
"Earnings per share ( EPS ) for the first quarter 2007 amounted to EUR0 .07 , up from EUR0 .04 .",positive,2
One of the headboxes will be equipped with a modern consistency control system to ensure cross machine profile of the plasterboard .,neutral,1
"Britain's FTSE falls back with Ashtead, commodities under pressure",negative,0
$BBRY both 1m/6m trends turn bullish today with a resistance level at $11.31. http://stks.co/j1qt6,positive,2
The ship unloader is totally enclosed along the entire conveying line to the storage facilities .,neutral,1
The value of the deal was not disclosed .,neutral,1
"Iso Omena is based in the Matinkyla district of the southern part of the city of Espoo , southern Finland .",neutral,1
Cramo Group 's financial targets for 2010-2013 are sales growth higher than 10 percent per year ; return on equity above 15 percent .,positive,2
No more waste-burning facilities should be built .,neutral,1
Apple Inc.: The Rip-Roaring Rally Is Just Beginning! (AAPL) | InvestorPlace $AAPL https://t.co/jrcFC8XlY9,positive,2
Managing Director Timo Kohtam+ñki of Lemmink+ñinen Infra nevertheless points out the continued need for infrastructure construction in the Baltic markets .,neutral,1
"The Board established a Remuneration Committee with following members : - Sari Baldauf Chairman - Tapio Hintikka - Heikki Westerlund In addition , the Board decided to appoint a Nomination Committee at a later stage .",neutral,1
Tesco's Sales Pickup Isn't Enough,negative,0
21 December 2010 - Finnish industrial machinery company Wartsila Oyj Abp HEL : WRT1V said yesterday it had won an order to design a liquefied natural gas LNG powered platform supply vessel PSV for Norwegian oil service provider Eidesvik Offshore ASA OSL : EIOF .,positive,2
The announced restructuring will significantly decrease the Company 's indebtedness .,positive,2
Rival companies $GWR and WATCO eyeing $RA w take-over interest.  http://stks.co/o0xY,positive,2
"Compared with the FTSE 100 index , which rose 28.3 points or 0.5 % on the day , this was a relative price change of 2.3 % .",positive,2
Castecka said the town hall would hold talks with other investors interested in the zone .,neutral,1
UPM stock fell 3 percent to EURO 12.49 $ 17.24 in early afternoon trading in Helsinki .,negative,0
"Finnish power supply solutions and systems provider Efore Oyj said its net loss widened to 3.2 mln euro $ 4.2 mln for the first quarter of fiscal 2006-2007 ending October 31 , 2007 from 900,000 euro $ 1.2 mln for the same period of fiscal 2005-06 .",negative,0
"Prothious Engineering ( www.prothious.com ) employs more than 1,000 and has a large portfolio of projects and an annual detailing capacity of more than 100,000 tonnes .",neutral,1
"Comptel Corporation Sami Ervio President and CEO , Distribution : NASDAQ OMX Helsinki Major media Comptel Dynamic OSS solutions enable telecom service providers to deliver services flexibly and charge them effectively .",neutral,1
"According to Schmardin , Nordea will most likely try to win customers over from other pension fund providers .",positive,2
"Nyrstar has also agreed to supply to Talvivaara up to 150,000 tonnes of sulphuric acid per annum for use in Talvivaara 's leaching process during the period of supply of the zinc in concentrate .",positive,2
`` They want my credit card info and my personal details .,neutral,1
"The sale of Savcor FACE to Cencorp will result in a profit or loss which can not yet be determined , owing to factors including the valuation of the consideration shares to be received and prevailing exchange rates .",neutral,1
"It also has strong assets in electronic media , employing 18,500 an increase of 9 percent on last year .",positive,2
"On the other hand , Finnish sawmills ' production has decreased even more .",neutral,1
J+ñrvi-Suomen Portti is also planning to reduce the use of sodium nitrite .,neutral,1
Analysts surveyed by Thomson Financial expected revenue of $ 69 million for the quarter .,neutral,1
In 2008 Stockmann earned 3.398 million lats in profit on 48.012 million lats in turnover .,neutral,1
"`` With this agreement , we can continue our good cooperationand at the same time release capital that has been tied up in ourmachinery operation .",positive,2
"Operating income was EUR -24.9 mn , including EUR 15.3 mn of restructuring expenses .",neutral,1
"( ADP News ) - Oct 31 , 2008 - Finnish food company Raisio Oyj ( OMX : RAIVV ) said today that its net profit jumped to EUR 16.4 million ( USD 20.9 m ) for the first nine months of 2008 from EUR 1.1 million for the same period of 2",positive,2
"Our in-depth expertise extends to the fields of energy , industry , urban & mobility and water & environment .",neutral,1
The EUR17m contract includes both design and construction works .,neutral,1
